"stype","yh","sh2","nh","Nh"
"E",416.78,27576.8804040404,100,4421
"H",1320.7,450339.928571429,50,755
"M",832.48,156307.275102041,50,1018
